category,imageUrl,title_zh,title_en,description_zh,tags
SFW,https://i.postimg.cc/1tsbB5VR/adec44afdc25481f455e42e3a28fae7d40456367.jpg,月下独酌,"A dragon-kin girl in ancient-style clothing drinks alone in a moonlit bamboo forest. The scene blends oriental fantasy with cyberpunk elements, featuring delicate lighting and a strong atmosphere.",一位着古风服装的少女在月色下举杯独酌。,"二次元,原创角色,古风,赛博朋克,龙娘,OC"
SFW,https://i.postimg.cc/1X1346ww/0150232343ae692506d6d1ae40d8c26e40456367.jpg,漂亮,MM,霓虹,"二次元,原创角色,古风,赛博朋克,龙娘,OC"
SFW,https://i.postimg.cc/pdVGb1Sn/f2b8941589874ecbb678f208ea6fcf8140456367.jpg,这是谁,who am i,你好,"二次元,原创角色,古风,赛博朋克,龙娘,OC"
SFW,https://i.postimg.cc/8c58wzRs/6s9izy-LVc-YDH1xl-Eb-W9-IZUKp.jpg,哇哦,wao,哈哈哈,"二次元,原创角色,古风,赛博朋克,龙娘,OC"
SFW,https://i.postimg.cc/G24Vs5ds/bwk-U0-Iqef-Yi3-Cz-NQj-Xxmglm-I.jpg,测试,cs,酷酷酷,原神
SFW,https://i.postimg.cc/htFD4V8r/adec44afdc25481f455e42e3a28fae7d40456367.jpg,测试,ccss,啦啦啦啦啦,诺亚
SFW,https://i.postimg.cc/T1nZKq15/a773eaffd66b88f7c01d8e8379e506a140456367.jpg,看看效果,aaaa,啊啊,"二次元,原创角色,古风,赛博朋克,龙娘,OC"
R-18,https://i.postimg.cc/NMHnn71C/887af2225de5397b54ffe78d09df386740456367.jpg,看不见,no see,嘻嘻嘻,二次元
R-18,https://i.postimg.cc/bvD8znxk/2fd1603f81e3e0275777d473af05504040456367.jpg,未缩放,no no,有有有有有有有,插画
R-18,https://i.postimg.cc/kGcPjvC3/17e5337d90cc66af2a0be3721495864940456367.jpg,没缩放,hei,她她她她她她,插画